{
  "interactionModel": {
    "languageModel": {
      "invocationName": "calorie counter",
      "intents": [
        {
          "name": "AMAZON.CancelIntent",
          "samples": []
        },
        {
          "name": "AMAZON.HelpIntent",
          "samples": []
        },
        {
          "name": "AMAZON.StopIntent",
          "samples": []
        },
        {
          "name": "HelloWorldIntent",
          "slots": [],
          "samples": [
            "hello",
            "how are you",
            "say hi world",
            "say hi",
            "hi",
            "say hello world",
            "say hello"
          ]
        },
        {
          "name": "AMAZON.NavigateHomeIntent",
          "samples": []
        },
        {
          "name": "AMAZON.FallbackIntent",
          "samples": []
        },
        {
          "name": "WeightLossOrGain",
          "slots": [
            {
              "name": "pounds",
              "type": "AMAZON.NUMBER",
              "samples": [
                "How much do I have to eat to gain {pounds} pounds",
                "How much do I have to eat to lose {pounds} pounds",
                "I want to gain {pounds} pounds",
                "I want to lose {pounds} pounds",
                "{pounds}"
              ]
            }
          ],
          "samples": [
            "How much should I eat to gain {pounds} pounds ",
            "How much should I eat to lose {pounds} pounds ",
            "I want to gain {pounds} pounds ",
            "I want to lose {pounds} pounds "
          ]
        },
        {
          "name": "WeightPerWeek",
          "slots": [
            {
              "name": "poundsPerWeek",
              "type": "AMAZON.NUMBER",
              "samples": [
                "I want to gain {poundsPerWeek} per week"
              ]
            }
          ],
          "samples": [
            "I want to lose {poundsPerWeek} pounds per week",
            "I want to gain {poundsPerWeek} pounds per week",
            "I want to gain {poundsPerWeek} pound per week",
            "I want to lose {poundsPerWeek} pound per week"
          ]
        },
        {
          "name": "GoalWeightIntent",
          "slots": [
            {
              "name": "GoalWeight",
              "type": "AMAZON.NUMBER",
              "samples": [
                "I want to set my goal weight as {GoalWeight}",
                "Set my goal weight as {GoalWeight}"
              ]
            }
          ],
          "samples": [
            "Set my goal weight as {GoalWeight} pounds",
            "I want to set my goal weight as {GoalWeight} pounds"
          ]
        },
        {
          "name": "GetGoalWeight",
          "slots": [],
          "samples": [
            "Do you know what my goal weight is",
            "What is my goal weight"
          ]
        },
        {
          "name": "SetMaintenanceCalories",
          "slots": [
            {
              "name": "maintenanceCalories",
              "type": "AMAZON.NUMBER",
              "samples": [
                "I would like to set my maintenance calories to {maintenanceCalories} calories",
                "Set my maintenance calories to {maintenanceCalories} calories",
                "Set my maintenance calories to {maintenanceCalories}",
                "I would like to set my maintenance calories to {maintenanceCalories}",
                "Make my maintenance calories {maintenanceCalories}",
                "Make my maintenance calories {maintenanceCalories} calories"
              ]
            }
          ],
          "samples": [
            "I would like to set my maintenance calories to {maintenanceCalories} calories",
            "Set my maintenance calories to {maintenanceCalories} calories",
            "Set my maintenance calories to {maintenanceCalories}",
            "I would like to set my maintenance calories to {maintenanceCalories}",
            "Make my maintenance calories {maintenanceCalories}",
            "Make my maintenance calories {maintenanceCalories} calories"
          ]
        },
        {
          "name": "CalorieLimit",
          "slots": [
            {
              "name": "calorieLimitNum",
              "type": "AMAZON.NUMBER",
              "samples": [
                "{calorieLimitNum}"
              ]
            }
          ],
          "samples": [
            "Set my calorie limit to {calorieLimitNum} calories"
          ]
        },
        {
          "name": "addFoodInfo",
          "slots": [
            {
              "name": "foodItem",
              "type": "AMAZON.Food",
              "samples": [
                "Add {foodItem} to my list of food for the day it was {calorieInfo} calories",
                "{foodItem}"
              ],
              "multipleValues": {
                "enabled": true
              }
            },
            {
              "name": "calorieInfo",
              "type": "AMAZON.NUMBER",
              "samples": [
                "Add {foodItem} to my list of food for the day it was {calorieInfo} calories",
                "It was {calorieInfo} calories for {foodItem}"
              ],
              "multipleValues": {
                "enabled": true
              }
            },
            {
              "name": "numberOf",
              "type": "AMAZON.NUMBER"
            }
          ],
          "samples": [
            "Add {numberOf} {foodItem} to my food for the day it was {calorieInfo} calories",
            "I want to add {numberOf} {foodItem} it was {calorieInfo} calories"
          ]
        },
        {
          "name": "getFoodInfo",
          "slots": [],
          "samples": [
            "Tell me what I ate",
            "What food have I eaten",
            "What food did I eat today",
            "What have I eaten today"
          ]
        },
        {
          "name": "percentage",
          "slots": [],
          "samples": [
            "what is my calorie percentage"
          ]
        },
        {
          "name": "getMaintenanceCalories",
          "slots": [],
          "samples": [
            "Maintenance calories",
            "Can you tell me what my maintenance calories are",
            "How many calories are my maintenance calories"
          ]
        },
        {
          "name": "getCalorieLimit",
          "slots": [],
          "samples": [
            "Calorie limit",
            "how many calories can I eat in a day",
            "Whats my calorie limit"
          ]
        },
        {
          "name": "setDietRestrict",
          "slots": [
            {
              "name": "diet",
              "type": "dietRestriction"
            }
          ],
          "samples": [
            "Set my diet restriction to {diet}"
          ]
        },
        {
          "name": "getDietRestrict",
          "slots": [],
          "samples": [
            "Whats my diet",
            "Diet restrictions",
            "Whats my diet restrictions",
            "Whats are my diet restrictions"
          ]
        },
        {
          "name": "foodFacts",
          "slots": [],
          "samples": [
            "Tell me a fact about food",
            "Tell me a food fact"
          ]
        },
        {
          "name": "QuickStart",
          "slots": [],
          "samples": [
            "Can you guide me",
            "I want a quick start guide"
          ]
        }
      ],
      "types": [
        {
          "values": [
            {
              "name": {
                "value": "pescatarian"
              }
            },
            {
              "name": {
                "value": "Lactose-intolerant"
              }
            },
            {
              "name": {
                "value": "no-shellfish"
              }
            },
            {
              "name": {
                "value": "no-peanuts"
              }
            },
            {
              "name": {
                "value": "vegetarian"
              }
            },
            {
              "name": {
                "value": "Vegan"
              }
            }
          ],
          "name": "dietRestriction"
        }
      ]
    },
    "dialog": {
      "intents": [
        {
          "name": "WeightLossOrGain",
          "confirmationRequired": false,
          "prompts": {},
          "slots": [
            {
              "name": "pounds",
              "type": "AMAZON.NUMBER",
              "elicitationRequired": true,
              "confirmationRequired": false,
              "prompts": {
                "elicitation": "Elicit.Slot.61266149992.563044041589"
              }
            }
          ],
          "delegationStrategy": "ALWAYS"
        },
        {
          "name": "WeightPerWeek",
          "confirmationRequired": false,
          "prompts": {},
          "slots": [
            {
              "name": "poundsPerWeek",
              "type": "AMAZON.NUMBER",
              "elicitationRequired": true,
              "confirmationRequired": false,
              "prompts": {
                "elicitation": "Elicit.Slot.315214251362.885514435965"
              }
            }
          ],
          "delegationStrategy": "ALWAYS"
        },
        {
          "name": "GoalWeightIntent",
          "confirmationRequired": false,
          "prompts": {},
          "slots": [
            {
              "name": "GoalWeight",
              "type": "AMAZON.NUMBER",
              "elicitationRequired": true,
              "confirmationRequired": false,
              "prompts": {
                "elicitation": "Elicit.Slot.1605287843440.1247346863036"
              }
            }
          ],
          "delegationStrategy": "ALWAYS"
        },
        {
          "name": "SetMaintenanceCalories",
          "confirmationRequired": false,
          "prompts": {},
          "slots": [
            {
              "name": "maintenanceCalories",
              "type": "AMAZON.NUMBER",
              "elicitationRequired": true,
              "confirmationRequired": false,
              "prompts": {
                "elicitation": "Elicit.Slot.815134774061.247549588507"
              }
            }
          ],
          "delegationStrategy": "ALWAYS"
        },
        {
          "name": "CalorieLimit",
          "confirmationRequired": false,
          "prompts": {},
          "slots": [
            {
              "name": "calorieLimitNum",
              "type": "AMAZON.NUMBER",
              "elicitationRequired": true,
              "confirmationRequired": false,
              "prompts": {
                "elicitation": "Elicit.Slot.1570753770573.1507155841722"
              }
            }
          ],
          "delegationStrategy": "ALWAYS"
        },
        {
          "name": "addFoodInfo",
          "confirmationRequired": false,
          "prompts": {},
          "slots": [
            {
              "name": "foodItem",
              "type": "AMAZON.Food",
              "elicitationRequired": true,
              "confirmationRequired": false,
              "prompts": {
                "elicitation": "Elicit.Slot.244528119989.171146704420"
              }
            },
            {
              "name": "calorieInfo",
              "type": "AMAZON.NUMBER",
              "elicitationRequired": true,
              "confirmationRequired": false,
              "prompts": {
                "elicitation": "Elicit.Slot.244528119989.606695183026"
              }
            },
            {
              "name": "numberOf",
              "type": "AMAZON.NUMBER",
              "elicitationRequired": false,
              "confirmationRequired": false,
              "prompts": {}
            }
          ],
          "delegationStrategy": "ALWAYS"
        }
      ],
      "delegationStrategy": "ALWAYS"
    },
    "prompts": [
      {
        "id": "Elicit.Slot.61266149992.563044041589",
        "variations": [
          {
            "type": "PlainText",
            "value": "Sorry, I didn\u0027t quite catch that. Could you repeat yourself please."
          }
        ]
      },
      {
        "id": "Elicit.Slot.315214251362.885514435965",
        "variations": [
          {
            "type": "PlainText",
            "value": "Sorry, I didn\u0027t quite catch that. Can you please repeat yourself."
          }
        ]
      },
      {
        "id": "Elicit.Slot.1605287843440.1247346863036",
        "variations": [
          {
            "type": "PlainText",
            "value": "Sorry I didn\u0027t quite catch that. What did you want to set your goal weight to?"
          }
        ]
      },
      {
        "id": "Elicit.Slot.815134774061.247549588507",
        "variations": [
          {
            "type": "PlainText",
            "value": "Sorry, I didn\u0027t quite catch that. Can you please repeat yourself."
          }
        ]
      },
      {
        "id": "Elicit.Slot.1570753770573.1507155841722",
        "variations": [
          {
            "type": "PlainText",
            "value": "Can you please repeat that."
          }
        ]
      },
      {
        "id": "Elicit.Slot.244528119989.171146704420",
        "variations": [
          {
            "type": "PlainText",
            "value": "I didn\u0027t hear what food item you wanted to add. Could you repeat that please."
          }
        ]
      },
      {
        "id": "Elicit.Slot.244528119989.606695183026",
        "variations": [
          {
            "type": "PlainText",
            "value": "How many calories was it again?"
          }
        ]
      }
    ]
  },
  "version": "30"
}